
  {
    "addisplay" : {
      "Average Degree": {
        "kurtosis": 0.5303189395868784,
        "mean": 1.970136061755687,
        "minmax": [
          0.9166666666666666,
          4.381278092632402
        ],
        "nobs": 17458,
        "q25": 1.6913447377582864,
        "q50": 2.0943759630200307,
        "q75": 2.24161673128892,
        "skewness": -0.14675161402796288,
        "std": 0.36865234905452426,
        "variance": 0.1359045544634188
      },
      "density": {
        "kurtosis": 38.53298399837554,
        "mean": 0.0009777889541994803,
        "minmax": [
          2.517280171218634e-05,
          0.027777777777777776
        ],
        "nobs": 17458,
        "q25": 0.0001210683379626008,
        "q50": 0.00024933143839748145,
        "q75": 0.0009241968416355663,
        "skewness": 5.434251507854407,
        "std": 0.002174463598400337,
        "variance": 4.728291940768142e-06
      },
      "edges": {
        "kurtosis": 0.9273398146365674,
        "mean": 28072.41459502807,
        "minmax": [
          37,
          245593
        ],
        "nobs": 17458,
        "q25": 4396.5,
        "q50": 14818.0,
        "q75": 37472.0,
        "skewness": 1.3987805683139787,
        "std": 33546.1886348564,
        "variance": 1125346771.9253688
      },
      "entropy": {
        "kurtosis": 10.480122163866453,
        "mean": 0.9093003225346319,
        "minmax": [
          0.4222465907045484,
          1.0517832105768352
        ],
        "nobs": 17458,
        "q25": 0.9096242152482685,
        "q50": 0.9258669276065498,
        "q75": 0.9443502317307598,
        "skewness": -2.8125026761180276,
        "std": 0.062237713441034924,
        "variance": 0.0038735329743683792
      },
      "family_counts": [
        [
          "adflex",
          93
        ],
        [
          "adshell",
          21
        ],
        [
          "airpush",
          82
        ],
        [
          "aliyuncs",
          29
        ],
        [
          "appflood",
          96
        ],
        [
          "appsgeyser",
          3070
        ],
        [
          "artemis",
          581
        ],
        [
          "cauly",
          504
        ],
        [
          "cnzz",
          88
        ],
        [
          "commplat",
          386
        ],
        [
          "deng",
          188
        ],
        [
          "dianle",
          17
        ],
        [
          "dianru",
          73
        ],
        [
          "djoy",
          28
        ],
        [
          "dowgin",
          4554
        ],
        [
          "feiwo",
          170
        ],
        [
          "fictus",
          53
        ],
        [
          "floatgame",
          22
        ],
        [
          "ganlet",
          60
        ],
        [
          "gappusinac",
          15
        ],
        [
          "genpua",
          507
        ],
        [
          "kuguo",
          4845
        ],
        [
          "minimob",
          15
        ],
        [
          "mobeleader",
          25
        ],
        [
          "ormmaad",
          44
        ],
        [
          "pandaad",
          25
        ],
        [
          "qumi",
          100
        ],
        [
          "revmob",
          820
        ],
        [
          "scamad",
          18
        ],
        [
          "shixot",
          92
        ],
        [
          "skplanet",
          61
        ],
        [
          "startapp",
          565
        ],
        [
          "umeng",
          20
        ],
        [
          "viser",
          46
        ],
        [
          "wapsx",
          15
        ],
        [
          "wiyun",
          21
        ],
        [
          "wooboo",
          19
        ],
        [
          "youmi",
          90
        ]
      ],
      "nodes": {
        "kurtosis": 0.7216491074451405,
        "mean": 12862.30736625043,
        "minmax": [
          37,
          97816
        ],
        "nobs": 17458,
        "q25": 2251.0,
        "q50": 7593.5,
        "q75": 17399.25,
        "skewness": 1.3377245734050889,
        "std": 14556.18091387782,
        "variance": 211882402.79754096
      },
      "num_families": 38,
      "num_files": 17458
    }
  }
